{"cameraMode":{"drawMode":0,"name":"Shaded","section":"Shading Mode"},"sceneLighting":true,"audioPlay":false,"sceneViewState":{"m_AlwaysRefresh":true,"showFog":true,"showSkybox":true,"showFlares":true,"showImageEffects":true,"showParticleSystems":true,"showVisualEffectGraphs":true,"m_FxEnabled":true},"in2DMode":false,"pivot":{"x":103.03413391113281,"y":10.3419828414917,"z":82.50682830810547},"rotation":{"x":-0.00029830203857272863,"y":-0.9977779984474182,"z":0.06704886257648468,"w":-0.0037907687947154047},"size":1.8243541717529297,"orthographic":false}