{"cameraMode":{"drawMode":0,"name":"Shaded","section":"Shading Mode"},"sceneLighting":false,"audioPlay":false,"sceneViewState":{"m_AlwaysRefresh":true,"showFog":true,"showSkybox":false,"showFlares":true,"showImageEffects":true,"showParticleSystems":true,"showVisualEffectGraphs":true,"m_FxEnabled":true},"in2DMode":false,"pivot":{"x":-0.04445004463195801,"y":4.152715682983398,"z":-0.14560627937316895},"rotation":{"x":-0.004091938026249409,"y":-0.9333457946777344,"z":0.3588971197605133,"w":-0.010535438545048237},"size":14.331453323364258,"orthographic":false}